<keymap version="1" name="GNOME copy" parent="Default for GNOME">
  <action id="DuplicatesForm.SendToLeft" />
  <action id="FileChooser.GotoHome" />
  <action id="FileStructurePopup">
    <keyboard-shortcut first-keystroke="ctrl f12" />
    <keyboard-shortcut first-keystroke="ctrl o" />
  </action>
  <action id="GotoBookmark1" />
  <action id="NextSplitter">
    <keyboard-shortcut first-keystroke="ctrl 1" />
  </action>
  <action id="OverrideMethods" />
  <action id="SelectInProjectView">
    <keyboard-shortcut first-keystroke="ctrl comma" />
  </action>
</keymap>