<keymap version="1" name="GNOME copy" parent="Default for GNOME">
  <action id="Annotate">
    <keyboard-shortcut first-keystroke="shift ctrl comma" />
  </action>
  <action id="Back">
    <keyboard-shortcut first-keystroke="shift alt left" />
    <mouse-shortcut keystroke="button4" />
    <keyboard-shortcut first-keystroke="alt left" />
  </action>
  <action id="CloseActiveTab" />
  <action id="CloseEditor">
    <keyboard-shortcut first-keystroke="ctrl w" />
  </action>
  <action id="Diff.NextChange" />
  <action id="Diff.PrevChange" />
  <action id="DuplicatesForm.SendToLeft" />
  <action id="EditorSelectWord" />
  <action id="FileChooser.GotoHome" />
  <action id="FileStructurePopup">
    <keyboard-shortcut first-keystroke="ctrl f12" />
    <keyboard-shortcut first-keystroke="ctrl o" />
  </action>
  <action id="FindNext">
    <keyboard-shortcut first-keystroke="f3" />
  </action>
  <action id="Forward">
    <keyboard-shortcut first-keystroke="shift alt right" />
    <mouse-shortcut keystroke="button5" />
    <keyboard-shortcut first-keystroke="alt right" />
  </action>
  <action id="GotoBookmark1" />
  <action id="GotoLine">
    <keyboard-shortcut first-keystroke="ctrl g" />
    <keyboard-shortcut first-keystroke="ctrl l" />
  </action>
  <action id="Images.Editor.ToggleGrid" />
  <action id="MethodHierarchy.OverrideMethodAction" />
  <action id="MoveEditorToOppositeTabGroup">
    <keyboard-shortcut first-keystroke="ctrl quote" />
  </action>
  <action id="NextSplitter">
    <keyboard-shortcut first-keystroke="ctrl 1" />
  </action>
  <action id="NextTab" />
  <action id="OpenEditorInOppositeTabGroup">
    <keyboard-shortcut first-keystroke="ctrl semicolon" />
  </action>
  <action id="OverrideMethods" />
  <action id="PreviousTab" />
  <action id="SelectInProjectView">
    <keyboard-shortcut first-keystroke="ctrl comma" />
  </action>
  <action id="UpdateRunningApplication" />
  <action id="Vcs.Log.FocusTextFilter" />
  <action id="android.deploy.ApplyChanges">
    <keyboard-shortcut first-keystroke="ctrl f10" />
  </action>
  <action id="android.deploy.CodeSwap">
    <keyboard-shortcut first-keystroke="ctrl alt f10" />
  </action>
</keymap>